<?xml version="1.0" encoding="UTF-8"?>
<configuration>
   <include resource="org/springframework/boot/logging/logback/defaults.xml" />
   <springProfile name="dev">
      <include resource="org/springframework/boot/logging/logback/console-appender.xml" />
      <logger name="org.springframework" level="INFO" />
      <logger name="com.seriesreminder" level="DEBUG" />
      <root level="INFO">
         <appender-ref ref="CONSOLE" />
      </root>
   </springProfile>
   <springProfile name="dev,qa,prod">
      <appender name="FILE-ROLLING" class="ch.qos.logback.core.rolling.RollingFileAppender">
         <file>logs/series-reminder.log</file>
         <rollingPolicy class="ch.qos.logback.core.rolling.FixedWindowRollingPolicy">
            <fileNamePattern>logs/series-remidner-%i.log</fileNamePattern>
            <minIndex>1</minIndex>
            <maxIndex>10</maxIndex>
         </rollingPolicy>
         <triggeringPolicy class="ch.qos.logback.core.rolling.SizeBasedTriggeringPolicy">
            <maxFileSize>10MB</maxFileSize>
         </triggeringPolicy>
         <encoder>
            <pattern>${CONSOLE_LOG_PATTERN}</pattern>
         </encoder>
      </appender>
      <logger name="org.springframework" level="INFO" />
      <logger name="com.seriesreminder" level="DEBUG" />
      <root level="INFO">
         <appender-ref ref="FILE-ROLLING" />
      </root>
   </springProfile>
</configuration>




<!-- <Configuration status="WARN">
    <Appenders>
        <Lambda name="Lambda">
            <PatternLayout>
                <pattern>%d{yyyy-MM-dd HH:mm:ss} %X{AWSRequestId} %-5p %c{1} - %m%n</pattern>
            </PatternLayout>
        </Lambda>
    </Appenders>
    <Loggers>
        <Root level="INFO">
            <AppenderRef ref="Lambda"/>
        </Root>
        <Logger name="software.amazon.awssdk" level="WARN"/>
        <Logger name="software.amazon.awssdk.request" level="DEBUG"/>
    </Loggers>
</Configuration> -->

